{"A": {"nrows": 3, "ncols": 4, "data": [0.9373077709673506, 0.7002470682891963, 0.2649731112315512, 0.7883239988145216, 0.7185363804667407, 0.7096638195779915, 0.7446544852001051, 0.08922339485981134, 0.5790212653361246, 0.28342529054150045, 0.7911378431230159, 0.4164620623492461]}, "B": {"nrows": 4, "ncols": 3, "data": [0.31882529377780333, 0.33032709542769656, 0.48551547856311295, 0.032384219874779685, 0.4644639246573763, 0.896453439825196, 0.30857402710659587, 0.20162311924594611, 0.7348082465444719, 0.8813738186797379, 0.4968830512548078, 0.40564223710390346]}}