{"A": {"nrows": 3, "ncols": 4, "data": [0.9373077709673506, 0.7002470682891963, 0.2649731112315512, 0.7883239988145216, 0.7185363804667407, 0.7096638195779915, 0.7446544852001051, 0.08922339485981134, 0.5790212653361246, 0.28342529054150045, 0.7911378431230159, 0.4164620623492461]}, "B": {"nrows": 4, "ncols": 3, "data": [0.31882529377780333, 0.33032709542769656, 0.48551547856311295, 0.032384219874779685, 0.4644639246573763, 0.896453439825196, 0.30857402710659587, 0.20162311924594611, 0.7348082465444719, 0.8813738186797379, 0.4968830512548078, 0.40564223710390346]}, "C": {"nrows": 3, "ncols": 3, "data": [1.0980863336647506, 1.0799871941840349, 1.5972982617648037, 0.5604896793070852, 0.761438431095032, 1.5684121408517988, 0.804968480428244, 0.6893518555173499, 1.2854705772977235]}, "Ct": {"nrows": 3, "ncols": 3, "data": [1.0980863336647506, 0.5604896793070852, 0.804968480428244, 1.0799871941840349, 0.761438431095032, 0.6893518555173499, 1.5972982617648037, 1.5684121408517988, 1.2854705772977235]}, "Cinv": {"nrows": 3, "ncols": 3, "data": [0.0061309390119147576, 6.684693668960968, 18.48866236399447, 23.811388946984977, 4.547033809888338, 55.42835968693645, 4.160093159792512, 1.0237112127267738, 9.473092434308882]}, "D_det": 40.60439013911135, "D_norm": 11.118595514839331}